session_id,gender
u12112,male
u19725,male
u11795,male
u22639,male
u18034,male
u11327,male
u12768,male
u17011,male
u13527,male
u24492,male
u10027,male
u15734,male
u11242,male
u18013,male
u15322,male
u14059,male
u22231,male
u20251,male
u13118,male
u19704,male
u16615,male
u11846,male
u12002,male
u19607,male
u23535,male
u23301,male
u23259,male
u17314,male
u21292,male
u16410,male
u10354,male
u15956,male
u13590,male
u21750,male
u10919,male
u18304,male
u17029,male
u23452,male
u10760,male
u13945,male
u14381,male
u15893,male
u21367,male
u16188,male
u18529,male
u11433,male
u10428,male
u23967,male
u12818,male
u22419,male
u19479,male
u20258,male
u22694,male
u12695,male
u12513,male
u17510,male
u15315,male
u24565,male
u20567,male
u10830,male
u16782,male
u23675,male
u12912,male
u19937,male
u15300,male
u16034,male
u21427,male
u10515,male
u20679,male
u14439,male
u19340,male
u23465,male
u13736,male
u17167,male
u18405,male
u24991,male
u22619,male
u10032,male
u12102,male
u23751,male
u18513,male
u13278,male
u13702,male
u18542,male
u10196,male
u12732,male
u12773,male
u14625,male
u19079,male
u21703,male
u17932,male
u11273,male
u15687,male
u17563,male
u22520,male
u19416,male
u11777,male
u17142,male
u18164,male
u23081,male
u17072,male
u21986,male
u13434,male
u22796,male
u16837,male
u11677,male
u22544,male
u19124,male
u11136,male
u18439,male
u22417,male
u21501,male
u22676,male
u22545,male
u14252,male
u19392,male
u15432,male
u21015,male
u23453,male
u10465,male
u23451,male
u18313,male
u20833,male
u12207,male
u21874,male
u24806,male
u23388,male
u19221,male
u15745,male
u18868,male
u22615,male
u19650,male
u18419,male
u12601,male
u21026,male
u12023,male
u24140,male
u15729,male
u23181,male
u22564,male
u20300,male
u19823,male
u23579,male
u14029,male
u14421,male
u21460,male
u13073,male
u13973,male
u16628,male
u15645,male
u19142,male
u22571,male
u19662,male
u11712,male
u19627,male
u14351,male
u22168,male
u12141,male
u17327,male
u11602,male
u23068,male
u11042,male
u20124,male
u22345,male
u20137,male
u14494,male
u17809,male
u17177,male
u18685,male
u19276,male
u18791,male
u12550,male
u20449,male
u13292,male
u15328,male
u18338,male
u12766,male
u16487,male
u21317,male
u15100,male
u22584,male
u10699,male
u19442,male
u13955,male
u17308,male
u21518,male
u11723,male
u13578,male
u14880,male
u14155,male
u15301,male
u17288,male
u12396,male
u19542,male
u24857,male
u12261,male
u21129,male
u23663,male
u18094,male
u17842,male
u13255,male
u16696,male
u11309,male
u17400,male
u18663,male
u11314,male
u11611,male
u21476,male
u19119,male
u19744,male
u14030,male
u20710,male
u23356,male
u23344,male
u23371,male
u22269,male
u17810,male
u16647,male
u11559,male
u13732,male
u16627,male
u12876,male
u10144,male
u17441,male
u15870,male
u23538,male
u13867,male
u13220,male
u16368,male
u12285,male
u11356,male
u14089,male
u24892,male
u16498,male
u23469,male
u16031,male
u23524,male
u18318,male
u18121,male
u11935,male
u23140,male
u21135,male
u11197,male
u17608,male
u22308,male
u13700,male
u15171,male
u19002,male
u16274,male
u19741,male
u19766,male
u22523,male
u20350,male
u14519,male
u24956,male
u20249,male
u22840,male
u10406,male
u17051,male
u20777,male
u24925,male
u23568,male
u21261,male
u14179,male
u15859,male
u13306,male
u14622,male
u22362,male
u19906,male
u20724,male
u14959,male
u22971,male
u20954,male
u22430,male
u15600,male
u17492,male
u10151,male
u22644,male
u12037,male
u14744,male
u13636,male
u21333,male
u17871,male
u11858,male
u24433,male
u13401,male
u24586,male
u19848,male
u15082,male
u24967,male
u11358,male
u15068,male
u13782,male
u15854,male
u18756,male
u17318,male
u16341,male
u10453,male
u10946,male
u24145,male
u21629,male
u11913,male
u24732,male
u13595,male
u21925,male
u16059,male
u10607,male
u18689,male
u22875,male
u20580,male
u13013,male
u21502,male
u15290,male
u14648,male
u12602,male
u10261,male
u11524,male
u13739,male
u23393,male
u15544,male
u17135,male
u22474,male
u19706,male
u10460,male
u17079,male
u11666,male
u13082,male
u23580,male
u19844,male
u24001,male
u24704,male
u18031,male
u16457,male
u18962,male
u21096,male
u23312,male
u24612,male
u14185,male
u10016,male
u15235,male
u15727,male
u21744,male
u13094,male
u14950,male
u15207,male
u24044,male
u14391,male
u15945,male
u20081,male
u16959,male
u16744,male
u10064,male
u24424,male
u20618,male
u17172,male
u20438,male
u12024,male
u14193,male
u15230,male
u20983,male
u13293,male
u13516,male
u19716,male
u19792,male
u12095,male
u15932,male
u20742,male
u21590,male
u21840,male
u12882,male
u24320,male
u22948,male
u17826,male
u16179,male
u21953,male
u22310,male
u12956,male
u10686,male
u19599,male
u11890,male
u21499,male
u12436,male
u22179,male
u18146,male
u15954,male
u14789,male
u13213,male
u12721,male
u10344,male
u18258,male
u23077,male
u23464,male
u14305,male
u19174,male
u17560,male
u16967,male
u23122,male
u19566,male
u12358,male
u21979,male
u16050,male
u20504,male
u16631,male
u16153,male
u11494,male
u17646,male
u17093,male
u14718,male
u21346,male
u14109,male
u19801,male
u14090,male
u23545,male
u18808,male
u18956,male
u10123,male
u18493,male
u17435,male
u11386,male
u16269,male
u24883,male
u17757,male
u18279,male
u24733,male
u21500,male
u18128,male
u16325,male
u13299,male
u20234,male
u13267,male
u18295,male
u17578,male
u16243,male
u17056,male
u24168,male
u23522,male
u14123,male
u21892,male
u19382,male
u16038,male
u22499,male
u17799,male
u21616,male
u23432,male
u19626,male
u12464,male
u22047,male
u19619,male
u21615,male
u12622,male
u20346,male
u24384,male
u16634,male
u23234,male
u16354,male
u17058,male
u12381,male
u24742,male
u23662,male
u19107,male
u19881,male
u23362,male
u16624,male
u21680,male
u22432,male
u12138,male
u24977,male
u13472,male
u22511,male
u12374,male
u11099,male
u20994,male
u23275,male
u19080,male
u21228,male
u16560,male
u11781,male
u15410,male
u17203,male
u22954,male
u21545,male
u11308,male
u22007,male
u20331,male
u21789,male
u23928,male
u15592,male
u15965,male
u22975,male
u10941,male
u20975,male
u22339,male
u10854,male
u10715,male
u13678,male
u17317,male
u18547,male
u10781,male
u15201,male
u21474,male
u12653,male
u24657,male
u12934,male
u17837,male
u10067,male
u15429,male
u23894,male
u13643,male
u21523,male
u15656,male
u11931,male
u14157,male
u21862,male
u14303,male
u17707,male
u15440,male
u21883,male
u18012,male
u17231,male
u22806,male
u12544,male
u19927,male
u22482,male
u12859,male
u14490,male
u12435,male
u16690,male
u21931,male
u16334,male
u14446,male
u17341,male
u12699,male
u24740,male
u20986,male
u23404,male
u24106,male
u24378,male
u12708,male
u12423,male
u11608,male
u23551,male
u10275,male
u11558,male
u13687,male
u15036,male
u15136,male
u24958,male
u13371,male
u13043,male
u23585,male
u10142,male
u19049,male
u12953,male
u10681,male
u13487,male
u21756,male
u15610,male
u13327,male
u15926,male
u24813,male
u18646,male
u21478,male
u12461,male
u20219,male
u16398,male
u16826,male
u13767,male
u12656,male
u11078,male
u18429,male
u21286,male
u19505,male
u15580,male
u11090,male
u12816,male
u21687,male
u13538,male
u20673,male
u11902,male
u16853,male
u23186,male
u14955,male
u22591,male
u17039,male
u18325,male
u22146,male
u24432,male
u23495,male
u24069,male
u19337,male
u22804,male
u10294,male
u10814,male
u16255,male
u16871,male
u13168,male
u24835,male
u17587,male
u21693,male
u15810,male
u10809,male
u12368,male
u15488,male
u16215,male
u16163,male
u14212,male
u14175,male
u14288,male
u21114,male
u21482,male
u22175,male
u18732,male
u14502,male
u22440,male
u18072,male
u14411,male
u12268,male
u12735,male
u13313,male
u14387,male
u11764,male
u19165,male
u18944,male
u16626,male
u21400,male
u18874,male
u24802,male
u19440,male
u24410,male
u22009,male
u21987,male
u14821,male
u23212,male
u24263,male
u14827,male
u18981,male
u23410,male
u11757,male
u13477,male
u18720,male
u18315,male
u11533,male
u13968,male
u19689,male
u15994,male
u13088,male
u13097,male
u20772,male
u14365,male
u16954,male
u20436,male
u11299,male
u11571,male
u24070,male
u13725,male
u23095,male
u17419,male
u18490,male
u19845,male
u11735,male
u13848,male
u12943,male
u10021,male
u23001,male
u24506,male
u18476,male
u20477,male
u16098,male
u11286,male
u22019,male
u12066,male
u16048,male
u15124,male
u14367,male
u16503,male
u19306,male
u19380,male
u14051,male
u20819,male
u13493,male
u10940,male
u17575,male
u20392,male
u14735,male
u10488,male
u13518,male
u16584,male
u13551,male
u15268,male
u18185,male
u21522,male
u13535,male
u13646,male
u11916,male
u16846,male
u18431,male
u16430,male
u20947,male
u17139,male
u17719,male
u24299,male
u24037,male
u17992,male
u22044,male
u11675,male
u17716,male
u11614,male
u19000,male
u17878,male
u14861,male
u20683,male
u20849,male
u14294,male
u10187,male
u20012,male
u18417,male
u18404,male
u21575,male
u19783,male
u12587,male
u14963,male
u21004,male
u12747,male
u14539,male
u12429,male
u15203,male
u12451,male
u14697,male
u18190,male
u10497,male
u13185,male
u16711,male
u23871,male
u19212,male
u24668,male
u18983,male
u23295,male
u20428,male
u20158,male
u11755,male
u12403,male
u11831,male
u20239,male
u11895,male
u12785,male
u12606,male
u16849,male
u22476,male
u23835,male
u18004,male
u17820,male
u21210,male
u23059,male
u18519,male
u15384,male
u14759,male
u18501,male
u23008,male
u24855,male
u19682,male
u18907,male
u18537,male
u18744,male
u22416,male
u24522,male
u20297,male
u19461,male
u23992,male
u22244,male
u22683,male
u19196,male
u20861,male
u23656,male
u13414,male
u19836,male
u18062,male
u19094,male
u14262,male
u13504,male
u11572,male
u13810,male
u16444,male
u21183,male
u12532,male
u14638,male
u12680,male
u20095,male
u10031,male
u22409,male
u18484,male
u24639,male
u11886,male
u13737,male
u20871,male
u21065,male
u19726,male
u22296,male
u23531,male
u13104,male
u17181,male
u16465,male
u12008,male
u11475,male
u18922,male
u21362,male
u18191,male
u17495,male
u23567,male
u23887,male
u17839,male
u14340,male
u16122,male
u12364,male
u23260,male
u19765,male
u18705,male
u23759,male
u12394,male
u16679,male
u11743,male
u16349,male
u14437,male
u17349,male
u22289,male
u19910,male
u17013,male
u19822,male
u14416,male
u17668,male
u23843,male
u23063,male
u21871,male
u24052,male
u13161,male
u14390,male
u19314,male
u23130,male
u23613,male
u19756,male
u22276,male
u17640,male
u24634,male
u10721,male
u20608,male
u22103,male
u15794,male
u20667,male
u12523,male
u19182,male
u22272,male
u22004,male
u19399,male
u23987,male
u10924,male
u20361,male
u17265,male
u10356,male
u12875,male
u14032,male
u19466,male
u21771,male
u21289,male
u18890,male
u17106,male
u20515,male
u17892,male
u11959,male
u19775,male
u24821,male
u13143,male
u13426,male
u11921,male
u19761,male
u23220,male
u11430,male
u24444,male
u23589,male
u17904,male
u16697,male
u11241,male
u19447,male
u18665,male
u22788,male
u12498,male
u11509,male
u18637,male
u15755,male
u19916,male
u18676,male
u12904,male
u16681,male
u10590,male
u11840,male
u22611,male
u18734,male
u22443,male
u13838,male
u17713,male
u16788,male
u20895,male
u18605,male
u20325,male
u15504,male
u22484,male
u21715,male
u24974,male
u24024,male
u19359,male
u14031,male
u10604,male
u15698,male
u16550,male
u11807,male
u24127,male
u19377,male
u10444,male
u18311,male
u12634,male
u11126,male
u15027,male
u14873,male
u13441,male
u13550,male
u11754,male
u13511,male
u15281,male
u18152,male
u19239,male
u12567,male
u20697,male
u21334,male
u24966,male
u24356,male
u19518,male
u11842,male
u23950,male
u19280,male
u13993,male
u21655,male
u22359,male
u22933,male
u17677,male
u16134,male
u22365,male
u13853,male
u13709,male
u22062,male
u22206,male
u16309,male
u15409,male
u10659,male
u24387,male
u15877,male
u20227,male
u13510,male
u10546,male
u13165,male
u13970,male
u24007,male
u16929,male
u15400,male
u22297,male
u24801,male
u11537,male
u24729,male
u18375,male
u15428,male
u15855,male
u14508,male
u17220,male
u12034,male
u14110,male
u16468,male
u12185,male
u12810,male
u11391,male
u13227,male
u21148,male
u24408,male
u16879,male
u24234,male
u19026,male
u18459,male
u20072,male
u20604,male
u24963,male
u16104,male
u14663,male
u17710,male
u18948,male
u11183,male
u21593,male
u19824,male
u10049,male
u15628,male
u22087,male
u24546,male
u22116,male
u16022,male
u21052,male
u18827,male
u21442,male
u12909,male
u13630,male
u21768,male
u17742,male
u19013,male
u12940,male
u14166,male
u14563,male
u24946,male
u11773,male
u11601,male
u21126,male
u22183,male
u20844,male
u10217,male
u10011,male
u15754,male
u10403,male
u22166,male
u22394,male
u20759,male
u13290,male
u23553,male
u10416,male
u20991,male
u21180,male
u13471,male
u15065,male
u20157,male
u17996,male
u10433,male
u17391,male
u12063,male
u20785,male
u23594,male
u24062,male
u24549,male
u18653,male
u22421,male
u14401,male
u23774,male
u12591,male
u16945,male
u15684,male
u16777,male
u20628,male
u10474,male
u23872,male
u19771,male
u19460,male
u11656,male
u20896,male
u16840,male
u14747,male
u22021,male
u11218,male
u13825,male
u15205,male
u16286,male
u17494,male
u17617,male
u18324,male
u19001,male
u11055,male
u24650,male
u11535,male
u17597,male
u10351,male
u13769,male
u17394,male
u18814,male
u19430,male
u21878,male
u15146,male
u13807,male
u21360,male
u18219,male
u21528,male
u10316,male
u21084,male
u13831,male
u18891,male
u18156,male
u20061,male
u24895,male
u16219,male
u19931,male
u18319,male
u12174,male
u18679,male
u12530,male
u20063,male
u24709,male
u21306,male
u17841,male
u15556,male
u10132,male
u17411,male
u23013,male
u14081,male
u17324,male
u12336,male
u20539,male
u20979,male
u10912,male
u24854,male
u23802,male
u21259,male
u18729,male
u24728,male
u18227,male
u21100,male
u15060,male
u18942,male
u21506,male
u13766,male
u13503,male
u17865,male
u12863,male
u19030,male
u14949,male
u22917,male
u12796,male
u16774,male
u19393,male
u21707,male
u17749,male
u12755,male
u10083,male
u17313,male
u16249,male
u23426,male
u22207,male
u24703,male
u20326,male
u10250,male
u22911,male
u19439,male
u17038,male
u20017,male
u22115,male
u14623,male
u12531,male
u14580,male
u21794,male
u10320,male
u17290,male
u21702,male
u23281,male
u19647,male
u22347,male
u14635,male
u22017,male
u12402,male
u12434,male
u17519,male
u14707,male
u19515,male
u11717,male
u22719,male
u16193,male
u19534,male
u20354,male
u11147,male
u22521,male
u14309,male
u12555,male
u23896,male
u24039,male
u18776,male
u20587,male
u13909,male
u16486,male
u23115,male
u16865,male
u13283,male
u11377,male
u18045,male
u20671,male
u22497,male
u11726,male
u23993,male
u22502,male
u23706,male
u10276,male
u10415,male
u10512,male
u17676,male
u18619,male
u12052,male
u14678,male
u23979,male
u24448,male
u12711,male
u24194,male
u17023,male
u11338,male
u13567,male
u18599,male
u17787,male
u13548,male
u16885,male
u15725,male
u23438,male
u17260,male
u12809,male
u23946,male
u24120,male
u12349,male
u23693,male
u11485,male
u16421,male
u12248,male
u17830,male
u15632,male
u20856,male
u22525,male
u22372,male
u22363,male
u14261,male
u18535,male
u19295,male
u16633,male
u24664,male
u21370,male
u13671,male
u20366,male
u24029,male
u22414,male
u20654,male
u23741,male
u10342,male
u20523,male
u21134,male
u21209,male
u18779,male
u21724,male
u24755,male
u15565,male
u19132,male
u15581,male
u12441,male
u12246,male
u21792,male
u17041,male
u11205,male
u14624,male
u16239,male
u19149,male
u19798,male
u17745,male
u10823,male
u23775,male
u11436,male
u23536,male
u21667,male
u23912,male
u16144,male
u10048,male
u10674,male
u13609,male
u11199,male
u18435,male
u18076,male
u24463,male
u20094,male
u21365,male
u23748,male
u21721,male
u21688,male
u16121,male
u18073,male
u18976,male
u12929,male
u13020,male
u18863,male
u16190,male
u18677,male
u13484,male
u15579,male
u18883,male
u10071,male
u12527,male
u15837,male
u21275,male
u22509,male
u10548,male
u22404,male
u21700,male
u12287,male
u24405,male
u20065,male
u23216,male
u11448,male
u15242,male
u18986,male
u14088,male
u22526,male
u11303,male
u15081,male
u10235,male
u11018,male
u19970,male
u12215,male
u16660,male
u23664,male
u21143,male
u23437,male
u15116,male
u17304,male
u23014,male
u19886,male
u24314,male
u19808,male
u10753,male
u15493,male
u16962,male
u19467,male
u23930,male
u15153,male
u15483,male
u11191,male
u13070,male
u11019,male
u21085,male
u21403,male
u13342,male
u14786,male
u22259,male
u15829,male
u19843,male
u11265,male
u16858,male
u10422,male
u20149,male
u23416,male
u10542,male
u23354,male
u13466,male
u18275,male
u17846,male
u15692,male
u16763,male
u15846,male
u16768,male
u22688,male
u14893,male
u12061,male
u22336,male
u10093,male
u15587,male
u21468,male
u22860,male
u18975,male
u16373,male
u21983,male
u10347,male
u14734,male
u16026,male
u19919,male
u14838,male
u21586,male
u19683,male
u17957,male
u10733,male
u23109,male
u16194,male
u24948,male
u22978,male
u18980,male
u17918,male
u18465,male
u22144,male
u22112,male
u16166,male
u19348,male
u11230,male
u12723,male
u11217,male
u20678,male
u12832,male
u17031,male
u12891,male
u15369,male
u19915,male
u16643,male
u12633,male
u13228,male
u23891,male
u14576,male
u16320,male
u16385,male
u10865,male
u12078,male
u24868,male
u19511,male
u14939,male
u24979,male
u22256,male
u24936,male
u16516,male
u18472,male
u12383,male
u21632,male
u11167,male
u19123,male
u18133,male
u12647,male
u22344,male
u16909,male
u15057,male
u17482,male
u15570,male
u10725,male
u10057,male
u21529,male
u11498,male
u23154,male
u13871,male
u19528,male
u15602,male
u16944,male
u13797,male
u12009,male
u24743,male
u17026,male
u17119,male
u19701,male
u11186,male
u11654,male
u14279,male
u18069,male
u10507,male
u23138,male
u14332,male
u10566,male
u11789,male
u10114,male
u15352,male
u13177,male
u21327,male
u24216,male
u14591,male
u19411,male
u12903,male
u11859,male
u19804,male
u22154,male
u23178,male
u15942,male
u21752,male
u13841,male
u12665,male
u11056,male
u17526,male
u12262,male
u14118,male
u13664,male
u23377,male
u23093,male
u12694,male
u24757,male
u21553,male
u17984,male
u13658,male
u19751,male
u24645,male
u16388,male
u16479,male
u18645,male
u19589,male
u14473,male
u23207,male
u22422,male
u19942,male
u20868,male
u15416,male
u14349,male
u16060,male
u20209,male
u11116,male
u23865,male
u24705,male
u16467,male
u14459,male
u18379,male
u15466,male
u14353,male
u15391,male
u11995,male
u17204,male
u12064,male
u11750,male
u10323,male
u22745,male
u11351,male
u18381,male
u21604,male
u10866,male
u17516,male
u24328,male
u21638,male
u14958,male
u12989,male
u13976,male
u23647,male
u14273,male
u16322,male
u12890,male
u13787,male
u15308,male
u18817,male
u14405,male
u23892,male
u12583,male
u22764,male
u23269,male
u19685,male
u16106,male
u10407,male
u14883,male
u23297,male
u19513,male
u10695,male
u23396,male
u24572,male
u18888,male
u20754,male
u11528,male
u24603,male
u10640,male
u15040,male
u17661,male
u24268,male
u23083,male
u14315,male
u12671,male
u12457,male
u22524,male
u18728,male
u14825,male
u21079,male
u16642,male
u15361,male
u14916,male
u20513,male
u17712,male
u17980,male
u16422,male
u10797,male
u22902,male
u15900,male
u13275,male
u21380,male
u15818,male
u18213,male
u19563,male
u16035,male
u15867,male
u21736,male
u17586,male
u12424,male
u23238,male
u19361,male
u10724,male
u20374,male
u15935,male
u22236,male
u20907,male
u25000,male
u18991,male
u22913,male
u20142,male
u10467,male
u19531,male
u21728,male
u11342,male
u23482,male
u10564,male
u10626,male
u10278,male
u14549,male
u18875,male
u18917,male
u23517,male
u19791,male
u13563,male
u21612,male
u17822,male
u18713,male
u14505,male
u11888,male
u23251,male
u17329,male
u18351,male
u21975,male
u17480,male
u22078,male
u14904,male
u15127,male
u21316,male
u17993,male
u11881,male
u22492,male
u10068,male
u15298,male
u17938,male
u20027,male
u24539,male
u14464,male
u16002,male
u10099,male
u14195,male
u13339,male
u11510,male
u13430,male
u24502,male
u22667,male
u18248,male
u10840,male
u19060,male
u15210,male
u16491,male
u24756,male
u18509,male
u22791,male
u23858,male
u19395,male
u15905,male
u12979,male
u20134,male
u19420,male
u20701,male
u21382,male
u15759,male
u10997,male
u18060,male
u20140,male
u10780,male
u18832,male
u15212,male
u13685,male
u19252,male
u14142,male
u21689,male
u17188,male
u23405,male
u19952,male
u11130,male
u20541,male
u11213,male
u11229,male
u10353,male
u16818,male
u18941,male
u20185,male
u18118,male
u24768,male
u13005,male
u20259,male
u21469,male
u19628,male
u13633,male
u17930,male
u18461,male
u15949,male
u23847,male
u13047,male
u20241,male
u10885,male
u16789,male
u24375,male
u20042,male
u12706,male
u15249,male
u21231,male
u17198,male
u10300,male
u23552,male
u18666,male
u11698,male
u21546,male
u14737,male
u11604,male
u15930,male
u23779,male
u14887,male
u23756,male
u13144,male
u20008,male
u11006,male
u10437,male
u24303,male
u23977,male
u10258,male
u17829,male
u11220,male
u17690,male
u13894,male
u15265,male
u17853,male
u20564,male
u15521,male
u10981,male
u18148,male
u10897,male
u20952,male
u12518,male
u16884,male
u13829,male
u22471,male
u20312,male
u20982,male
u19544,male
u19973,male
u19495,male
u16051,male
u21854,male
u16595,male
u23315,male
u16301,male
u20971,male
u10274,male
u24206,male
u11344,male
u20003,male
u15860,male
u14669,male
u19758,male
u16947,male
u22402,male
u17923,male
u15021,male
u17416,male
u24141,male
u24294,male
u22895,male
u21445,male
u16168,male
u24199,male
u10486,male
u19008,male
u23586,male
u20348,male
u14366,male
u19432,male
u15115,male
u16475,male
u19468,male
u18332,male
u19760,male
u14933,male
u17215,male
u12858,male
u14072,male
u14719,male
u17523,male
u10553,male
u17998,male
u20874,male
u24513,male
u11734,male
u19371,male
u17306,male
u20269,male
u23612,male
u24183,male
u21622,male
u21242,male
u24309,male
u19789,male
u11857,male
u15414,male
u17723,male
u22189,male
u20480,male
u14057,male
u15736,male
u22767,male
u12684,male
u10108,male
u10439,male
u18651,male
u10404,male
u18255,male
u14545,male
u10289,male
u19219,male
u14996,male
u15126,male
u19672,male
u22284,male
u13655,male
u19206,male
u23256,male
u10411,male
u24003,male
u21002,male
u20163,male
u24722,male
u14285,male
u15187,male
u22027,male
u10122,male
u23548,male
u24419,male
u20432,male
u21198,male
u16809,male
u13200,male
u16950,male
u22448,male
u10402,male
u23700,male
u15326,male
u19201,male
u19696,male
u24379,male
u11044,male
u17244,male
u20292,male
u21962,male
u20913,male
u14041,male
u20505,male
u24682,male
u14677,male
u10198,male
u21772,male
u14379,male
u10007,male
u23786,male
u13033,male
u24717,male
u24271,male
u23937,male
u24333,male
u14518,male
u10165,male
u24642,male
u13811,male
u18710,male
u12590,male
u19118,male
u15730,male
u21066,male
u12369,male
u21415,male
u23985,male
u13164,male
u11139,male
u17118,male
u24219,male
u13748,male
u22506,male
u21467,male
u12054,male
u24930,male
u17763,male
u16412,male
u12195,male
u17180,male
u23851,male
u20616,male
u20507,male
u20630,male
u12932,male
u12399,male
u11412,male
u11946,male
u13706,male
u11410,male
u16279,male
u10618,male
u11944,male
u22352,male
u13645,male
u24321,male
u20892,male
u23534,male
u21426,male
u14084,male
u19313,male
u22187,male
u18966,male
u24912,male
u18577,male
u14434,male
u11563,male
u24962,male
u24377,male
u17507,male
u15507,male
u19510,male
u23156,male
u17183,male
u15455,male
u11257,male
u22085,male
u11455,male
u21112,male
u12191,male
u17445,male
u14468,male
u20132,male
u16423,male
u21870,male
u22769,male
u23934,male
u24734,male
u24713,male
u19864,male
u19819,male
u12091,male
u14956,male
u15009,male
u12257,male
u16292,male
u24414,male
u16913,male
u23771,male
u23543,male
u21433,male
u13985,male
u11689,male
u11438,male
u16360,male
u17633,male
u11605,male
u11753,male
u14574,male
u20030,male
u22531,male
u19576,male
u11334,male
u19109,male
u17297,male
u12905,male
u10223,male
u19803,male
u10608,male
u18622,male
u24842,male
u15392,male
u11647,male
u16563,male
u11121,male
u18135,male
u17409,male
u13040,male
u10262,male
u19564,male
u19677,male
u14557,male
u14536,male
u20705,male
u18649,male
u13410,male
u21514,male
u13710,male
u12271,male
u24787,male
u18930,male
u12183,male
u10212,male
u18699,male
u22006,male
u17618,male
u18326,male
u23353,male
u20713,male
u20069,male
u12144,male
u24507,male
u24361,male
u16994,male
u17017,male
u24096,male
u24493,male
u15138,male
u19070,male
u24753,male
u22585,male
u13574,male
u20818,male
u11718,male
u20462,male
u15918,male
u20026,male
u13485,male
u21963,male
u10359,male
u18167,male
u21298,male
u14682,male
u10312,male
u20256,male
u19278,male
u17706,male
u14082,male
u24163,male
u14275,male
u12250,male
u13654,male
u15248,male
u23112,male
u10684,male
u19363,male
u21955,male
u15772,male
u12204,male
u19980,male
u10990,male
u23711,male
u21454,male
u21481,male
u22072,male
u14610,male
u16513,male
u10186,male
u21178,male
u22710,male
u21918,male
u10181,male
u21323,male
u12298,male
u24129,male
u11034,male
u20434,male
u14125,male
u11942,male
u21029,male
u17699,male
u15386,male
u19667,male
u18008,male
u17157,male
u17997,male
u17246,male
u11419,male
u16064,male
u21804,male
u15272,male
u22242,male
u21171,male
u17890,male
u15487,male
u23415,male
u22341,male
u12514,male
u23382,male
u16529,male
u21086,male
u16189,male
u19311,male
u11688,male
u23573,male
u10907,male
u16953,male
u20273,male
u23597,male
u19778,male
u21159,male
u24402,male
u16128,male
u14054,male
u15653,male
u16129,male
u17437,male
u20840,male
u12509,male
u21373,male
u14551,male
u20652,male
u24707,male
u17737,male
u10047,male
u14581,male
u13659,male
u22587,male
u23165,male
u12212,male
u13977,male
u14246,male
u22868,male
u23307,male
u23481,male
u23671,male
u24002,male
u18030,male
u23678,male
u21912,male
u11975,male
u17966,male
u20059,male
u22565,male
u12681,male
u12539,male
u24554,male
u20728,male
u21770,male
u10514,male
u19102,male
u23895,male
u21305,male
u23282,male
u13207,male
u23883,male
u20732,male
u12910,male
u10968,male
u13387,male
u12950,male
u21814,male
u18958,male
u15401,male
u17060,male
u14475,male
u24791,male
u12345,male
u17616,male
u12122,male
u22428,male
u11360,male
u18437,male
u10496,male
u11850,male
u10025,male
u15357,male
u23132,male
u10423,male
u11766,male
u19794,male
u12206,male
u21713,male
u18299,male
u21984,male
u14641,male
u21486,male
u19341,male
u15651,male
u18506,male
u12772,male
u13950,male
u19169,male
u10203,male
u13363,male
u11573,male
u15783,male
u11863,male
u10955,male
u11949,male
u10899,male
u24446,male
u22238,male
u19106,male
u18856,male
u24337,male
u11761,male
u13404,male
u16481,male
u19401,male
u20355,male
u15415,male
u16620,male
u16854,male
u12323,male
u16766,male
u18414,male
u18842,male
u15901,male
u12479,male
u17292,male
u17010,male
u15703,male
u19977,male
u24409,male
u10317,male
u15371,male
u16914,male
u14015,male
u20154,male
u16489,male
u15258,male
u12433,male
u16453,male
u14453,male
u12338,male
u23247,male
u14354,male
u18533,male
u10976,male
u11278,male
u20839,male
u13147,male
u24274,male
u23379,male
u19483,male
u15699,male
u20958,male
u22210,male
u13865,male
u15117,male
u11531,male
u17709,male
u24906,male
u14168,male
u10191,male
u10632,male
u18252,male
u15761,male
u15640,male
u23306,male
u19066,male
u12443,male
u15836,male
u19297,male
u13920,male
u19443,male
u19429,male
u15847,male
u17095,male
u17793,male
u13541,male
u19969,male
u10352,male
u24573,male
u22616,male
u17356,male
u17053,male
u20572,male
u22479,male
u23208,male
u20642,male
u22898,male
u10833,male
u24233,male
u15087,male
u12758,male
u15163,male
u23408,male
u11066,male
u11731,male
u24903,male
u14208,male
u20390,male
u24759,male
u14465,male
u11048,male
u14853,male
u15937,male
u23569,male
u19160,male
u24839,male
u23050,male
u11648,male
u15986,male
u14356,male
u22330,male
u17238,male
u18282,male
u12724,male
u10211,male
u20439,male
u11676,male
u19809,male
u23772,male
u19342,male
u22814,male
u14935,male
u18717,male
u16088,male
u20740,male
u12145,male
u21041,male
u12267,male
u24971,male
u10802,male
u22385,male
u10555,male
u11854,male
u19412,male
u22781,male
u14733,male
u16605,male
u15974,male
u20055,male
u20233,male
u10732,male
u21595,male
u16085,male
u12121,male
u21775,male
u10310,male
u15756,male
u14211,male
u15567,male
u11288,male
u17583,male
u18625,male
u22852,male
u22469,male
u14344,male
u23305,male
u22412,male
u16797,male
u11372,male
u11280,male
u15133,male
u15858,male
u21503,male
u19100,male
u20568,male
u20784,male
u20813,male
u21272,male
u15694,male
u18647,male
u20845,male
u21330,male
u21332,male
u14974,male
u18741,male
u22871,male
u16131,male
u13317,male
u18881,male
u23412,male
u13965,male
u21369,male
u22164,male
u17602,male
u17263,male
u16709,male
u13524,male
u15239,male
u16869,male
u14231,male
u23922,male
u22775,male
u13635,male
u14986,male
u13656,male
u20216,male
u10890,male
u16610,male
u18196,male
u20301,male
u10591,male
u15669,male
u19904,male
u22184,male
u14522,male
u23510,male
u11506,male
u14482,male
u17185,male
u23842,male
u17579,male
u10127,male
u23487,male
u22921,male
u10338,male
u15654,male
u18297,male
u17166,male
u22597,male
u13031,male
u12776,male
u14686,male
u17253,male
u22994,male
u23874,male
u18540,male
u14794,male
u24537,male
u24050,male
u24475,male
u13158,male
u24306,male
u23996,male
u11021,male
u24187,male
u14318,male
u23621,male
u10821,male
u15748,male
u20024,male
u13490,male
u20837,male
u15270,male
u12893,male
u22169,male
u19535,male
u23069,male
u22328,male
u10621,male
u22648,male
u24886,male
u19163,male
u16941,male
u13186,male
u22415,male
u13366,male
u20517,male
u10503,male
u15838,male
u13368,male
u21997,male
u15484,male
u19720,male
u11252,male
u24858,male
u16799,male
u12886,male
u24073,male
u16659,male
u15922,male
u23473,male
u17125,male
u21930,male
u21649,male
u20969,male
u15106,male
u12675,male
u13689,male
u23792,male
u22518,male
u10510,male
u22083,male
u11364,male
u21801,male
u14447,male
u16673,male
u12577,male
u20575,male
u10773,male
u18928,male
u23427,male
u15449,male
u13048,male
u21636,male
u23888,male
u14478,male
u20478,male
u11192,male
u23740,male
u24338,male
u20694,male
u22156,male
u18321,male
u15673,male
u15013,male
u23724,male
u15262,male
u24078,male
u11833,male
u11593,male
u18803,male
u14278,male
u13650,male
u20721,male
u23309,male
u11939,male
u20161,male
u20177,male
u13628,male
u11424,male
u23398,male
u24816,male
u18131,male
u13099,male
u14529,male
u15890,male
u20102,male
u11452,male
u23941,male
u19272,male
u11279,male
u11486,male
u15908,male
u17205,male
u22944,male
u11138,male
u14295,male
u21684,male
u15320,male
u12303,male
u10178,male
u12914,male
u10141,male
u19582,male
u19096,male
u18905,male
u19496,male
u22343,male
u15664,male
u18387,male
u23788,male
u13683,male
u24874,male
u22717,male
u18291,male
u21832,male
u21207,male
u13415,male
u19194,male
u16771,male
u15615,male
u19053,male
u23262,male
u11035,male
u22024,male
u20540,male
u16272,male
u19237,male
u21666,male
u22366,male
u10927,male
u20699,male
u24230,male
u20011,male
u23411,male
u23846,male
u11940,male
u11014,male
u23479,male
u12801,male
u17096,male
u11458,male
u16013,male
u15128,male
u21341,male
u23539,male
u20538,male
u10427,male
u18288,male
u11541,male
u14504,male
u13941,male
u14263,male
u23372,male
u23125,male
u18434,male
u14818,male
u19805,male
u24686,male
u22311,male
u13924,male
u24209,male
u21531,male
u22279,male
u19367,male
u13346,male
u14980,male
u15800,male
u12696,male
u19270,male
u10745,male
u20602,male
u14342,male
u16748,male
u23926,male
u14603,male
u13757,male
u15231,male
u13330,male
u18658,male
u23423,male
u19147,male
u23448,male
u22370,male
u10475,male
u16741,male
u15132,male
u24466,male
u10936,male
u15608,male
u10574,male
u10237,male
u21378,male
u15175,male
u21614,male
u11517,male
u10231,male
u11107,male
u12919,male
u14480,male
u11227,male
u18316,male
u13226,male
u20270,male
u19287,male
u23360,male
u11478,male
u14547,male
u22628,male
u12730,male
u13568,male
u17337,male
u13286,male
u15094,male
u20416,male
u18894,male
u10311,male
u19451,male
u23414,male
u18334,male
u20748,male
u16667,male
u24778,male
u18568,male
u15689,male
u14360,male
u14978,male
u15936,male
u10609,male
u13834,male
u12701,male
u21650,male
u14423,male
u21923,male
u22353,male
u22195,male
u15436,male
u12140,male
u21344,male
u12517,male
u12641,male
u24289,male
u15611,male
u12812,male
u23078,male
u22581,male
u16139,male
u10158,male
u22559,male
u22909,male
u13032,male
u11025,male
u15644,male
u10947,male
u16813,male
u21217,male
u15104,male
u22677,male
u21398,male
u17941,male
u11441,male
u14572,male
u23710,male
u14790,male
u15073,male
u14762,male
u13617,male
u10533,male
u17259,male
u17518,male
u18764,male
u16435,male
u13445,male
u20709,male
u15851,male
u15377,male
u18123,male
u18426,male
u16530,male
u20398,male
u14582,male
u24026,male
u19547,male
u16684,male
u15038,male
u18306,male
u15972,male
u15296,male
u23642,male
u11617,male
u14484,male
u16119,male
u13804,male
u15018,male
u24443,male
u12792,male
u15933,male
u21042,male
u24914,male
u19039,male
u11201,male
u23743,male
u11470,male
u23292,male
u19509,male
u10599,male
u11392,male
u10009,male
u18418,male
u14601,male
u22338,male
u10605,male
u17496,male
u11426,male
u12111,male
u19558,male
u21394,male
u16381,male
u15393,male
u17959,male
u13520,male
u18052,male
u24300,male
u19671,male
u22682,male
u21348,male
u17004,male
u14006,male
u10113,male
u21973,male
u21901,male
u17466,male
u21101,male
u14442,male
u16210,male
u18843,male
u23383,male
u15438,male
u12344,male
u14403,male
u23963,male
u22617,male
u18443,male
u10767,male
u10934,male
u16416,male
u22192,male
u11527,male
u12266,male
u24555,male
u19999,male
u17302,male
u16670,male
u16785,male
u23170,male
u19480,male
u21868,male
u19009,male
u19068,male
u15606,male
u11239,male
u16759,male
u15056,male
u23931,male
u21090,male
u20685,male
u24831,male
u21677,male
u18366,male
u16807,male
u19299,male
u18343,male
u17711,male
u14000,male
u15549,male
u22778,male
u11775,male
u20222,male
u16147,male
u21759,male
u21453,male
u24038,male
u22186,male
u14909,male
u16499,male
u16024,male
u10813,male
u16443,male
u21858,male
u24254,male
u24134,male
u17874,male
u21262,male
u12748,male
u10315,male
u12900,male
u21517,male
u23159,male
u10177,male
u17964,male
u15345,male
u11778,male
u11584,male
u21567,male
u10648,male
u17736,male
u24064,male
u10800,male
u14180,male
u24278,male
u11081,male
u21196,male
u11852,male
u19567,male
u16447,male
u24108,male
u18101,male
u23628,male
u16155,male
u20489,male
u17731,male
u12552,male
u14330,male
u16492,male
u11399,male
u18602,male
u19090,male
u19035,male
u14816,male
u16032,male
u14300,male
u16303,male
u11256,male
u20829,male
u12984,male
u18691,male
u14373,male
u18784,male
u15916,male
u16824,male
u19962,male
u23721,male
u24731,male
u10743,male
u24916,male
u17752,male
u19979,male
u17473,male
u15335,male
u19099,male
u13901,male
u16957,male
u19655,male
u21489,male
u15070,male
u11644,male
u23058,male
u11568,male
u20727,male
u13478,male
u12468,male
u10962,male
u24929,male
u24724,male
u21204,male
u15873,male
u23518,male
u12860,male
u20123,male
u18310,male
u16801,male
u22245,male
u21147,male
u24068,male
u11500,male
u23789,male
u18494,male
u14176,male
u21463,male
u22861,male
u24970,male
u16622,male
u21934,male
u16052,male
u15076,male
u15244,male
u15648,male
u21140,male
u18440,male
u15526,male
u11306,male
u18179,male
u21647,male
u11491,male
u22993,male
u13009,male
u23555,male
u14272,male
u15929,male
u22325,male
u23228,male
u24900,male
u11459,male
u14107,male
u21070,male
u16093,male
u22699,male
u18170,male
u11221,male
u16278,male
u10324,male
u13577,male
u16773,male
u24133,male
u19820,male
u19031,male
u16852,male
u19757,male
u17573,male
u19448,male
u18180,male
u22958,male
u22020,male
u14607,male
u16315,male
u21131,male
u10765,male
u10588,male
u10811,male
u12862,male
u10376,male
u19028,male
u19890,male
u24945,male
u24228,male
u24824,male
u12502,male
u22665,male
u17159,male
u22697,male
u15828,male
u12578,male
u16984,male
u20529,male
u10650,male
u19203,male
u24587,male
u23428,male
u15055,male
u16970,male
u12409,male
u21410,male
u21054,male
u17000,male
u23633,male
u20534,male
u11255,male
u15275,male
u17500,male
u14257,male
u24594,male
u17539,male
u18385,male
u13231,male
u22598,male
u17224,male
u18473,male
u20886,male
u18852,male
u13399,male
u14408,male
u14103,male
u18910,male
u23323,male
u24708,male
u24750,male
u21815,male
u16653,male
u21662,male
u23575,male
u19642,male
u17852,male
u16399,male
u17929,male
u10945,male
u14577,male
u12506,male
u16090,male
u11853,male
u20658,male
u16118,male
u20578,male
u24921,male
u11554,male
u16257,male
u19703,male
u12146,male
u16716,male
u17230,male
u22632,male
u20182,male
u18701,male
u17576,male
u18876,male
u10764,male
u22420,male
u21457,male
u13629,male
u22759,male
u18182,male
u18449,male
u14804,male
u22335,male
u24525,male
u19687,male
u19596,male
u20203,male
u24512,male
u15568,male
u21991,male
u18129,male
u14106,male
u11543,male
u20412,male
u10804,male
u14729,male
u17131,male
u22399,male
u22182,male
u23659,male
u21477,male
u19752,male
u12366,male
u23476,male
u18047,male
u10738,male
u10716,male
u18001,male
u24034,male
u14191,male
u17895,male
u19764,male
u13753,male
u22949,male
u22986,male
u10557,male
u14705,male
u10982,male
u21494,male
u23120,male
u20878,male
u24429,male
u14805,male
u15805,male
u14639,male
u15884,male
u11414,male
u15769,male
u22708,male
u17946,male
u17590,male
u19625,male
u18554,male
u20367,male
u19040,male
u21692,male
u17952,male
u18006,male
u14206,male
u16502,male
u11267,male
u19546,male
u21609,male
u13428,male
u20293,male
u23574,male
u24545,male
u22992,male
u19621,male
u11423,male
u17366,male
u12201,male
u17882,male
u10145,male
u12483,male
u17019,male
u23734,male
u12844,male
u10268,male
u10705,male
u20684,male
u19631,male
u23009,male
u17650,male
u23402,male
u17276,male
u10381,male
u24222,male
u15793,male
u21024,male
u10525,male
u21999,male
u16594,male
u17129,male
u11862,male
u22681,male
u20690,male
u21266,male
u13845,male
u11827,male
u24993,male
u10121,male
u14201,male
u13269,male
u13174,male
u15752,male
u20442,male
u12042,male
u13382,male
u22877,male
u13784,male
u12511,male
u24148,male
u22621,male
u15096,male
u13715,male
u11374,male
u17375,male
u17121,male
u14335,male
u12380,male
u18136,male
u19897,male
u15316,male
u21153,male
u20841,male
u12382,male
u10314,male
u15333,male
u22735,male
u24907,male
u17390,male
u21465,male
u14425,male
u23935,male
u16910,male
u21585,male
u14469,male
u18089,male
u11508,male
u19265,male
u18078,male
u24427,male
u10119,male
u19924,male
u15631,male
u19437,male
u22945,male
u10041,male
u22032,male
u24499,male
u12198,male
u14027,male
u21788,male
u22874,male
u16857,male
u15718,male
u24218,male
u24182,male
u19164,male
u16535,male
u10678,male
u10998,male
u23824,male
u17654,male
u16864,male
u14133,male
u20058,male
u24749,male
u16986,male
u16645,male
u22037,male
u14033,male
u13926,male
u12074,male
u24177,male
u15209,male
u22675,male
u17572,male
u21510,male
u22916,male
u24999,male
u16075,male
u10726,male
u24101,male
u13631,male
u18445,male
u18582,male
u13236,male
u20332,male
u12999,male
u15518,male
u18380,male
u23264,male
u22380,male
u24548,male
u11159,male
u11619,male
u23753,male
u16668,male
u16902,male
u17227,male
u13957,male
u18410,male
u24436,male
u14546,male
u18462,male
u14658,male
u19932,male
u15904,male
u10625,male
u17669,male
u17612,male
u20972,male
u15399,male
u20044,male
u17746,male
u12865,male
u21597,male
u23035,male
u15524,male
u15342,male
u24872,male
u13634,male
u23030,male
u14863,male
u11730,male
u16891,male
u11143,male
u13419,male
u15257,male
u16783,male
u19129,male
u13975,male
u22142,male
u13826,male
u15084,male
u20625,male
u18132,male
u22475,male
u20349,male
u14924,male
u23401,male
u10414,male
u16532,male
u21644,male
u18345,male
u21565,male
u15697,male
u22067,male
u23217,male
u20303,male
u18650,male
u10164,male
u22253,male
u20514,male
u11763,male
u11502,male
u18222,male
u14116,male
u14940,male
u20516,male
u17506,male
u11864,male
u20133,male
u14906,male
u20404,male
u14371,male
u11246,male
u12290,male
u19992,male
u13565,male
u11294,male
u22856,male
u10903,male
u23961,male
u11776,male
u13499,male
u20700,male
u19958,male
u22705,male
u10327,male
u22554,male
u20532,male
u21599,male
u13580,male
u22390,male
u16337,male
u19428,male
u14509,male
u13877,male
u19522,male
u21281,male
u22924,male
u19113,male
u18323,male
u24022,male
u24690,male
u22955,male
u19614,male
u18154,male
u23577,male
u11170,male
u20260,male
u16961,male
u23638,male
u24369,male
u13986,male
u12764,male
u13333,male
u22230,male
u23176,male
u21990,male
u14824,male
u18847,male
u14386,male
u17811,male
u15967,male
u15026,male
u17187,male
u13714,male
u10413,male
u13312,male
u23958,male
u23712,male
u24364,male
u24607,male
u16299,male
u23893,male
u14020,male
u11471,male
u24332,male
u17666,male
u20284,male
u21195,male
u23799,male
u23611,male
u24195,male
u20136,male
u10850,male
u20502,male
u20757,male
u23146,male
u15590,male
u17173,male
u19154,male
u23885,male
u13743,male
u16007,male
u17947,male
u10844,male
u10390,male
u15318,male
u10939,male
u21107,male
u12883,male
u21304,male
u11945,male
u23080,male
u22375,male
u13495,male
u16873,male
u23976,male
u12019,male
u21436,male
u18935,male
u22668,male
u18207,male
u21747,male
u13345,male
u12119,male
u16204,male
u21321,male
u20097,male
u13305,male
u14249,male
u18110,male
u13079,male
u20162,male
u18388,male
u17738,male
u14849,male
u17983,male
u13931,male
u14173,male
u21264,male
u19620,male
u15179,male
u23850,male
u23243,male
u10707,male
u21253,male
u19503,male
u23028,male
u13199,male
u13558,male
u22633,male
u18932,male
u23632,male
u19198,male
u15025,male
u17649,male
u19632,male
u12203,male
u16183,male
u17939,male
u18396,male
u20040,male
u23084,male
u13839,male
u15886,male
u12048,male
u24393,male
u22303,male
u12744,male
u14039,male
u13929,male
u14049,male
u17887,male
u13832,male
u12562,male
u14728,male
u17901,male
u23105,male
u17778,male
u18564,male
u24285,male
u18746,male
u11262,male
u19724,male
u16148,male
u10232,male
u15882,male
u22512,male
u11797,male
u24922,male
u22159,male
u21589,male
u20160,male
u24893,male
u17781,male
u24616,male
u19575,male
u21769,male
u16989,male
u12651,male
u13397,male
u12426,male
u21256,male
u11008,male
u17456,male
u23054,male
u22282,male
u19427,male
u11088,male
u13592,male
u19364,male
u19336,male
u11710,male
u15920,male
u15450,male
u15144,male
u24538,male
u13686,male
u17724,male
u21521,male
u12753,male
u21290,male
u19606,male
u21718,male
u12392,male
u15423,male
u20009,male
u19145,male
u16903,male
u10835,male
u21741,male
u14233,male
u14078,male
u16923,male
u22983,male
u13308,male
u22074,male
u17342,male
u10378,male
u11413,male
u13895,male
u19920,male
u22820,male
u13146,male
u19708,male
u15363,male
u18865,male
u19797,male
u17619,male
u21021,male
u13667,male
u22666,male
u17594,male
u19289,male
u19408,male
u18333,male
u12709,male
u20906,male
u19602,male
u21301,male
u22161,male
u24894,male
u21001,male
u21339,male
u13309,male
u13723,male
u24532,male
u14363,male
u23936,male
u13843,male
u19847,male
u20865,male
u23380,male
u13974,male
u16877,male
u13224,male
u20214,male
u18992,male
u22964,male
u16803,male
u11145,male
u19347,male
u23273,male
u15314,male
u22595,male
u17693,male
u11271,male
u10884,male
u20814,male
u22449,male
u23072,male
u15293,male
u24470,male
u17077,male
u15169,male
u20279,male
u20217,male
u20263,male
u22977,male
u19177,male
u13738,male
u13885,male
u23136,male
u10078,male
u21069,male
u16079,male
u11661,male
u13406,male
u19768,male
u16173,male
u12703,male
u17591,male
u20407,male
u14664,male
u10366,male
u11835,male
u11686,male
u20555,male
u22413,male
u12765,male
u14643,male
u10790,male
u15702,male
u23339,male
u10499,male
u11206,male
u17432,male
u21447,male
u20155,male
u24939,male
u10584,male
u23713,male
u23395,male
u12949,male
u16284,male
u10218,male
u14428,male
u14290,male
u24644,male
u20832,male
u17179,male
u24504,male
u20823,male
u19860,male
u17362,male
u19260,male
u15677,male
u17137,male
u23561,male
u20695,male
u16612,male
u15307,male
u12241,male
u16551,male
u10796,male
u23471,male
u24412,male
u17239,male
u17948,male
u20467,male
u20855,male
u12362,male
u15961,male
u24913,male
u24918,male
u16493,male
u18989,male
u23619,male
u22851,male
u15690,male
u23089,male
u19422,male
u16270,male
u13744,male
u17971,male
u21197,male
u18614,male
u19646,male
u21255,male
u10273,male
u18515,male
u16298,male
u18909,male
u22107,male
u17769,male
u24220,male
u21118,male
u13846,male
u17686,male
u22821,male
u16707,male
u18302,male
u23813,male
u15053,male
u10466,male
u10857,male
u18586,male
u10843,male
u12224,male
u16380,male
u16875,male
u15289,male
u12180,male
u15324,male
u18086,male
u23399,male
u22777,male
u22500,male
u10910,male
u13392,male
u15216,male
u14221,male
u11751,male
u10297,male
u11532,male
u14466,male
u24411,male
u22069,male
u12472,male
u20668,male
u16439,male
u20629,male
u22586,male
u21383,male
u16452,male
u22774,male
u23881,male
u19658,male
u13822,male
u18532,male
u10326,male
u17697,male
u10808,male
u18675,male
u10672,male
u13942,male
u20848,male
u18294,male
u14674,male
u22950,male
u14178,male
u20506,male
u10887,male
u16432,male
u14931,male
u17348,male
u21671,male
u18267,male
u11905,male
u10921,male
u14792,male
u19604,male
u15683,male
u16415,male
u16343,male
u15228,male
u16180,male
u12648,male
u24790,male
u11598,male
u17287,male
u17316,male
u19603,male
u12838,male
u11849,male
u18276,male
u17748,male
u21254,male
u21003,male
u14061,male
u21347,male
u22938,male
u17486,male
u13240,male
u17254,male
u12789,male
u17330,male
u24597,male
u15287,male
u20581,male
u23386,male
u23990,male
u19257,male
u13384,male
u21967,male
u21176,male
u20180,male
u18831,male
u24093,male
u23211,male
u17679,male
u10183,male
u12957,male
u17406,male
u24973,male
u23889,male
u12819,male
u24575,male
u24084,male
u20914,male
u21864,male
u24076,male
u15853,male
u12320,male
u13850,male
u18790,male
u22369,male
u20661,male
u13593,male
u13175,male
u18471,male
u16480,male
u24796,male
u20508,male
u23578,male
u21185,male
u17972,male
u13101,male
u12558,male
u15099,male
u19785,male
u11792,male
u16030,male
u14350,male
u15498,male
u11037,male
u14764,male
u16587,male
u17657,male
u19501,male
u22106,male
u11122,male
u21826,male
u21034,male
u23769,male
u17152,male
u23191,male
u14152,male
u21498,male
u13922,male
u12541,male
u21937,male
u21921,male
u20501,male
u15971,male
u16438,male
u11179,male
u14220,male
u16004,male
u20743,male
u22277,male
u22205,male
u12710,male
u11771,male
u14200,male
u13600,male
u11049,male
u10339,male
u19526,male
u14204,male
u16473,male
u18604,male
u16313,male
u21538,male
u21191,male
u22089,male
u13670,male
u21637,male
u10244,male
u24065,male
u18778,male
u10167,male
u20188,male
u17452,male
u20761,male
u16729,male
u12845,male
u15252,male
u14007,male
u22450,male
u17635,male
u14661,male
u11020,male
u15624,male
u11388,male
u17698,male
u22266,male
u15227,male
u18422,male
u17457,male
u22673,male
u16185,male
u18063,male
u23139,male
u17949,male
u11233,male
u10989,male
u12187,male
u14055,male
u13232,male
u15426,male
u19663,male
u17772,male
u14222,male
u21156,male
u17027,male
u22504,male
u19062,male
u11578,male
u15844,male
u14850,male
u13780,male
u17870,male
u13470,male
u12750,male
u12970,male
u19046,male
u10906,male
u17325,male
u10120,male
u12478,male
u19057,male
u11983,male
u10431,male
u23332,male
u18587,male
u16859,male
u13639,male
u16130,male
u12726,male
u10225,male
u22173,male
u23696,male
u19917,male
u20809,male
u15020,male
u24483,male
u24207,male
u21221,male
u12683,male
u20500,male
u12223,male
u21583,male
u17525,male
u13062,male
u19120,male
u19015,male
u13726,male
u24487,male
u10562,male
u24780,male
u11313,male
u17298,male
u13391,male
u20096,male
u24841,male
u11245,male
u10543,male
u21007,male
u17558,male
u22160,male
u19584,male
u21452,male
u15453,male
u23024,male
u18464,male
u18839,male
u11017,male
u14854,male
u12335,male
u24678,male
u23456,male
u16786,male
u14141,male
u11400,male
u18798,male
u12955,male
u23964,male
u12084,male
u16330,male
u15064,male
u11663,male
u15636,male
u15469,male
u22460,male
u21600,male
u14541,male
u14050,male
u11643,male
u12220,male
u21563,male
u17163,male
u18819,male
u16510,male
u22291,male
u19882,male
u15433,male
u17491,male
u20476,male
u23403,male
u12621,male
u14942,male
u13902,male
u23572,male
u17226,male
u11993,male
u15975,male
u11639,male
u22122,male
u23829,male
u24688,male
u19986,male
u13395,male
u13340,male
u11094,male
u16071,male
u14312,male
u10589,male
u11653,male
u14503,male
u15953,male
u12815,male
u12098,male
u10585,male
u15273,male
u12375,male
u21903,male
u18049,male
u10517,male
u11588,male
u13416,male
u23831,male
u22550,male
u22240,male
u23189,male
u23903,male
u11029,male
u16735,male
u16521,male
u13755,male
u18589,male
u17823,male
u12398,male
u17626,male
u17365,male
u16295,male
u21537,male
u13042,male
u17847,male
u11477,male
u13035,male
u16691,male
u19343,male
u20546,male
u11408,male
u15539,male
u18660,male
u12510,male
u14928,male
u21971,male
u23629,male
u18491,male
u11817,male
u15305,male
u17209,male
u14964,male
u24641,male
u18354,male
u15801,male
u13534,male
u20768,male
u13772,male
u12881,male
u24540,male
u16635,male
u12471,male
u17954,male
u19896,male
u23540,male
u13888,male
u17380,male
u21950,male
u18915,male
u16225,male
u11075,male
u12867,male
u24171,male
u13591,male
u10702,male
u12089,male
u18600,male
u23319,male
u17750,male
u22060,male
u11839,male
u23673,male
u10775,male
u19137,male
u12067,male
u21247,male
u18751,male
u10930,male
u10532,male
u22566,male
u21613,male
u17682,male
u23263,male
u23373,male
u10534,male
u24683,male
u14814,male
u15938,male
u18721,male
u24435,male
u23668,male
u24473,male
u17305,male
u20931,male
u22331,male
u20077,male
u16490,male
u10909,male
u24695,male
u19971,male
u24861,male
u10260,male
u20815,male
u19742,male
u10822,male
u10101,male
u10239,male
u15044,male
u11420,male
u24434,male
u16975,male
u19849,male
u23623,male
u18961,male
u19055,male
u10827,male
u13383,male
u16420,male
u11012,male
u22467,male
u23361,male
u17773,male
u20062,male
u21806,male
u16258,male
u11259,male
u20275,male
u19135,male
u13148,male
u14226,male
u18466,male
u24023,male
u15696,male
u14837,male
u11866,male
u20744,male
u20554,male
u17653,male
u13821,male
u14597,male
u12967,male
u10085,male
u19360,male
u16686,male
u24687,male
u22590,male
u10221,male
u17085,male
u18801,male
u17611,male
u14474,male
u22817,male
u11111,male
u21661,male
u13594,male
u11376,male
u23875,male
u13349,male
u15421,male
u18918,male
u17785,male
u24146,male
u24919,male
u10665,male
u15245,male
u16656,male
u10084,male
u12410,male
u24100,male
u16037,male
u19027,male
u15637,male
u13369,male
u20884,male
u20159,male
u13447,male
u21045,male
u23468,male
u13728,male
u14684,male
u12356,male
u17866,male
u19894,male
u13049,male
u24758,male
u16576,male
u10860,male
u16177,male
u22957,male
u13280,male
u18157,male
u13077,male
u12717,male
u17678,male
u22181,male
u18579,male
u14319,male
u15286,male
u22553,male
u17399,male
u22865,male
u15007,male
u12370,male
u22596,male
u16796,male
u14895,male
u14187,male
u19431,male
u13879,male
u19629,male
u18314,male
u19298,male
u20614,male
u24298,male
u13652,male
u23501,male
u12895,male
u22704,male
u13202,male
u12727,male
u21048,male
u18307,male
u11994,male
u22982,male
u20909,male
u18598,male
u23111,male
u19318,male
u22887,male
u14190,male
u16893,male
u19715,male
u24556,male
u23643,male
u15876,male
u12445,male
u21013,male
u13431,male
u11841,male
u17903,male
u13906,male
u20079,male
u15909,male
u24143,male
u22741,male
u24117,male
u10373,male
u10490,male
u14225,male
u20363,male
u20675,male
u15158,male
u18260,male
u15267,male
u19497,male
u12351,male
u22221,male
u12134,male
u16800,male
u16074,male
u16375,male
u20790,male
u15667,male
u23161,male
u13122,male
u15762,male
u22721,male
u19991,male
u14749,male
u16661,male
u21225,male
u15563,male
u24014,male
u10096,male
u14902,male
u14665,male
u18468,male
u19788,male
u15067,male
u10506,male
u18028,male
u22789,male
u20248,male
u11865,male
u24583,male
u21908,male
u18766,male
u16770,male
u15552,male
u10299,male
u22780,male
u22548,male
u11586,male
u24667,male
u24031,male
u17448,male
u22493,male
u10558,male
u14320,male
u18502,male
u11600,male
u21328,male
u18765,male
u17580,male
u18715,male
u16350,male
u16056,male
u10301,male
u18869,male
u21429,male
u21337,male
u11769,male
u20421,male
u20635,male
u24718,male
u13489,male
u11174,male
u19308,male
u21817,male
u18174,male
u21936,male
u15682,male
u12504,male
u11087,male
u19537,male
u20626,male
u16573,male
u10281,male
u24158,male
u24437,male
u23607,male
u15928,male
u16413,male
u20810,male
u19892,male
u23558,male
u15477,male
u10832,male
u24389,male
u12826,male
u15663,male
u18870,male
u15856,male
u12167,male
u15588,male
u15123,male
u16507,male
u16247,male
u22368,male
u10293,male
u17647,male
u15583,male
u14056,male
u18670,male
u18122,male
u22773,male
u14307,male
u23246,male
u23873,male
u18849,male
u23665,male
u12196,male
u15225,male
u13390,male
u20549,male
u19117,male
u19374,male
u10484,male
u13684,male
u22663,male
u14345,male
u23240,male
u15713,male
u20000,male
u12462,male
u18931,male
u14034,male
u24843,male
u22645,male
u24244,male
u12784,male
u24147,male
u11381,male
u23335,male
u10126,male
u18210,male
u10594,male
u24890,male
u15234,male
u22257,male
u21068,male
u24347,male
u23145,male
u15417,male
u14162,male
u15550,male
u22827,male
u22808,male
u21271,male
u10647,male
u13842,male
u15398,male
u14270,male
u22835,male
u15722,male
u21353,male
u13037,male
u24935,male
u10105,male
u14467,male
u16578,male
u13372,male
u17291,male
u12304,male
u21887,male
u14710,male
u12229,male
u13235,male
u11285,male
u16569,male
u13874,male
u22809,male
u12085,male
u14383,male
u18580,male
u14528,male
u20341,male
u20521,male
u13638,male
u19695,male
u22355,male
u21928,male
u12467,male
u14799,male
u20320,male
u16640,male
u11900,male
u14256,male
u10679,male
u17383,male
u23347,male
u10058,male
u21189,male
u24961,male
u20156,male
u21562,male
u22925,male
u19670,male
u20451,male
u22686,male
u10152,male
u21964,male
u10949,male
u21229,male
u12245,male
u13315,male
u21493,male
u21483,male
u14587,male
u12693,male
u16370,male
u15835,male
u22379,male
u24033,male
u13149,male
u24185,male
u15536,male
u10037,male
u21384,male
u17062,male
u24980,male
u20633,male
u10635,male
u14890,male
u21257,male
u16538,male
u11819,male
u20431,male
u13123,male
u20294,male
u14983,male
u24968,male
u23508,male
u19421,male
u20996,male
u11709,male
u15150,male
u16212,male
u23203,male
u23877,male
u20760,male
u15605,male
u12605,male
u22165,male
u18947,male
u18175,male
u18551,male
u11878,male
u18682,male
u12025,male
u10735,male
u22204,male
u20048,male
u16494,male
u23342,male
u16767,male
u15707,male
u22477,male
u11196,male
u18690,male
u12307,male
u18239,male
u24265,male
u24536,male
u12598,male
u20680,male
u14461,male
u22798,male
u19085,male
u14517,male
u23655,male
u19300,male
u12687,male
u23440,male
u13632,male
u23966,male
u20527,male
u13253,male
u17094,male
u24310,male
